"AUROC","AUPRC"
0.80808318157786,0.358171903876568
0.783309875674413,0.35949415015628
0.693672296504813,0.214890614026899
0.828702343887681,0.445886610431191
0.765934324149682,0.257043007141215
