"Fold","lambda.1se"
1,0.10168249710797
2,0.0649051677217435
3,0.127891710782418
4,0.0681503062846885
5,0.0604902112673299
