"AUROC","AUPRC"
0.815996503496504,0.348740128173763
0.801062091503268,0.312254045995787
0.869281045751634,0.546361970044244
0.83984375,0.359248418211792
0.73611111111111,0.290075352537886
