"variable","Mean","CI_low","CI_high","group"
"LOEUF",0.529615795484393,0.469292807949971,0.589938783018815,"HCRBP"
