"Fold","lambda.1se"
1,0.0920601428040068
2,0.0836200863289342
3,0.0928134074621202
4,0.116190839232681
5,0.112071003856014
