"AUROC","AUPRC"
0.773017473118278,0.296915950950624
0.837999370871343,0.321196141073984
0.723930481283422,0.266224838945769
0.806316844919786,0.28397788118684
0.77923387096774,0.350429374533903
