"AUROC","AUPRC"
0.761878544293347,0.294389961243676
0.742921492921495,0.311907840161403
0.777724152724154,0.373780985845867
0.69192406692407,0.225244197784491
0.804052194020811,0.351974280441926
