"Fold","lambda.1se"
1,0.048522544835951
2,0.0192451239205067
3,0.0285941815039527
4,0.0403068090697946
5,0.0475248119987437
