"AUROC","AUPRC"
0.768457376396038,0.280935775057328
0.797872340425528,0.318392501845451
0.769140876853627,0.247237968319324
0.777681245100187,0.231396704499161
0.765194257733687,0.253082400524937
