"AUROC","AUPRC"
0.860294117647059,0.734359979551691
0.814147018030513,0.607071073430079
0.758053221288515,0.554331901586262
0.813375350140056,0.581834795231288
0.727240896358544,0.415588722416387
